"","EmpID","PositionID","DeptID","State","Zip","Salary","ManagerID","PerfScoreID","EngagementSurvey","EmpSatisfaction","SpecialProjectsCount","LastPerformanceReview_Date","DateofHire","EmpStatusID","DateofTermination","GenderID","RaceID","MaritalStatusID","RecruitID","DaysLateLast30","Absences","Years_in_post","Department","Employee_Name","EmploymentStatus","Sex","ManagerName","MaritalDesc","PerformanceScore","Position","RaceDesc","RecruitmentSource"
"1",1,1,2,"MA",1960,62506,19,4,4.6,5,0,2019-01-17,2013-07-05,1,NA,1,1,0,1,0,1,7.65753424657534,"Production","Adinolfi, Wilson K","Active","M","Michael Albert","Single","Exceeds","Production Technician I","White","LinkedIn"
"2",2,2,4,"MA",2148,104437,3,3,4.96,3,6,2016-02-24,2017-03-30,2,2018-06-16,1,1,1,2,0,17,3.92054794520548,"IT/IS","Ait Sidi, Karthikeyan","Voluntarily Terminated","M","Simon Roup","Married","Fully Meets","Sr. DBA","White","Indeed"
"3",3,3,2,"MA",1810,64955,17,3,3.02,3,0,2012-05-15,2013-07-05,2,2014-09-24,0,1,1,1,0,3,7.65753424657534,"Production","Akinkuolie, Sarah","Voluntarily Terminated","F","Kissy Sullivan","Married","Fully Meets","Production Technician II","White","LinkedIn"
"4",4,1,2,"MA",1886,64991,14,3,4.84,5,0,2019-01-03,2010-01-07,1,NA,0,1,1,2,0,15,11.1506849315068,"Production","Alagbe,Trina","Active","F","Elijiah Gray","Married","Fully Meets","Production Technician I","White","Indeed"
"5",5,1,2,"MA",2169,50825,20,3,5,4,0,2016-02-01,2013-07-11,2,2018-09-06,0,1,2,3,0,2,7.64109589041096,"Production","Anderson, Carol","Voluntarily Terminated","F","Webster Butler","Divorced","Fully Meets","Production Technician I","White","Google Search"
"6",6,1,2,"MA",1844,57568,9,4,5,5,0,2019-01-07,2014-01-09,1,NA,0,1,0,1,0,15,7.14246575342466,"Production","Anderson, Linda","Active","F","Amy Dunn","Single","Exceeds","Production Technician I","White","LinkedIn"
"7",7,4,3,"MA",2110,95660,8,3,3.04,3,4,2019-01-02,2016-11-10,1,NA,0,1,0,1,0,19,4.3041095890411,"Software Engineering","Andreola, Colby","Active","F","Alex Sweetwater","Single","Fully Meets","Software Engineer","White","LinkedIn"
"8",8,1,2,"MA",2199,59365,21,3,5,4,0,2019-02-25,2015-09-30,1,NA,1,1,4,4,0,19,5.41917808219178,"Production","Athwal, Sam","Active","M","Ketsia Liebig","Widowed","Fully Meets","Production Technician I","White","Employee Referral"
"9",9,1,2,"MA",1902,47837,10,3,4.46,3,0,2019-01-25,2011-07-06,1,NA,0,2,0,5,0,4,9.65753424657534,"Production","Bachiochi, Linda","Active","F","Brannon Miller","Single","Fully Meets","Production Technician I","Black or African American","Diversity Job Fair"
"10",10,5,4,"MA",1886,50178,6,3,5,5,6,2019-02-18,2017-01-05,1,NA,1,1,2,2,0,16,4.15068493150685,"IT/IS","Bacong, Alejandro","Active","M","Peter Monroe","Divorced","Fully Meets","IT Support","White","Indeed"
"11",11,1,2,"MA",1902,54670,12,3,4.2,4,0,2016-01-30,2013-01-10,2,2019-01-12,0,2,1,5,0,12,8.13972602739726,"Production","Baczenski, Rachael","Voluntarily Terminated","F","David Stanley","Married","Fully Meets","Production Technician I","Black or African American","Diversity Job Fair"
"12",12,1,2,"MA",2062,47211,17,3,4.2,3,0,2016-05-06,2014-04-02,2,2018-09-19,1,2,1,5,0,15,6.91506849315068,"Production","Barbara, Thomas","Voluntarily Terminated","M","Kissy Sullivan","Married","Fully Meets","Production Technician I","Black or African American","Diversity Job Fair"
"13",13,6,4,"TX",78230,92328,3,4,4.28,4,5,2019-02-25,2016-11-10,1,NA,1,2,2,5,0,9,4.3041095890411,"IT/IS","Barbossa, Hector","Active","M","Simon Roup","Divorced","Exceeds","Data Analyst","Black or African American","Diversity Job Fair"
"14",14,1,2,"MA",1810,58709,16,3,4.6,4,0,2019-02-14,2014-02-20,1,NA,1,6,0,3,0,7,7.02739726027397,"Production","Barone, Francesco A","Active","M","Kelley Spirea","Single","Fully Meets","Production Technician I","Two or more races","Google Search"
"15",15,1,2,"MA",2747,52505,19,3,5,5,0,2017-03-02,2014-09-24,2,2019-04-06,1,1,2,6,0,1,6.43561643835616,"Production","Barton, Nader","Voluntarily Terminated","M","Michael Albert","Divorced","Fully Meets","Production Technician I","White","On-line Web application"
"16",16,1,2,"MA",2050,57834,16,3,5,4,0,2017-04-05,2013-02-21,3,2019-08-04,1,1,0,3,0,20,8.02465753424658,"Production","Bates, Norman","Terminated for Cause","M","Kelley Spirea","Single","Fully Meets","Production Technician I","White","Google Search"
"17",17,3,2,"MA",2145,70131,16,4,4.4,3,0,2019-01-14,2018-07-21,1,NA,0,1,1,4,0,16,2.61095890410959,"Production","Beak, Kimberly","Active","F","Kelley Spirea","Married","Exceeds","Production Technician II","White","Employee Referral"
"18",18,1,2,"MA",1915,59026,14,3,5,5,0,2019-01-14,2013-04-04,1,NA,0,1,0,3,0,12,7.90958904109589,"Production","Beatrice, Courtney","Active","F","Elijiah Gray","Single","Fully Meets","Production Technician I","White","Google Search"
"19",19,7,4,"MA",2026,110000,3,3,4.5,4,5,2015-01-15,2016-07-07,3,2017-09-12,0,1,0,3,0,8,4.64931506849315,"IT/IS","Becker, Renee","Terminated for Cause","F","Simon Roup","Single","Fully Meets","Database Administrator","White","Google Search"
"20",20,1,2,"MA",2452,53250,20,3,4.2,4,0,2019-01-11,2015-07-08,1,NA,1,4,0,1,0,13,5.64931506849315,"Production","Becker, Scott","Active","M","Webster Butler","Single","Fully Meets","Production Technician I","Asian","LinkedIn"
"21",21,1,2,"MA",2072,51044,9,3,5,3,0,2019-01-14,2014-04-02,1,NA,1,1,0,3,0,13,6.91506849315068,"Production","Bernstein, Sean","Active","M","Amy Dunn","Single","Fully Meets","Production Technician I","White","Google Search"
"22",22,1,2,"MA",2027,64919,21,3,4.2,3,0,2019-01-10,2015-08-19,1,NA,0,4,2,2,0,2,5.53424657534247,"Production","Biden, Lowan M","Active","F","Ketsia Liebig","Divorced","Fully Meets","Production Technician I","Asian","Indeed"
"23",23,1,2,"MA",2031,62910,10,4,5,3,0,2019-02-27,2016-07-07,1,NA,0,1,1,2,0,19,4.64931506849315,"Production","Billis, Helen","Active","F","Brannon Miller","Married","Exceeds","Production Technician I","White","Indeed"
"24",24,3,2,"MA",2171,66441,19,2,2,3,0,2019-02-27,2013-04-04,1,NA,0,1,0,7,2,3,7.90958904109589,"Production","Blount, Dianna","Active","F","Michael Albert","Single","Needs Improvement","Production Technician II","White","CareerBuilder"
"25",25,3,2,"MA",2210,57815,14,3,4.8,5,0,2014-03-04,2013-01-10,2,2016-04-04,0,1,0,3,0,5,8.13972602739726,"Production","Bondwell, Betsy","Voluntarily Terminated","F","Elijiah Gray","Single","Fully Meets","Production Technician II","White","Google Search"
"26",26,8,4,"CT",6033,103613,3,3,3.5,5,7,2016-01-10,2016-02-17,3,2018-02-19,1,2,0,1,0,2,5.03561643835616,"IT/IS","Booth, Frank","Terminated for Cause","M","Simon Roup","Single","Fully Meets","Enterprise Architect","Black or African American","LinkedIn"
"27",27,9,1,"MA",2468,106367,1,3,5,4,3,2019-02-18,2017-02-16,1,NA,0,2,1,5,0,4,4.03561643835616,"Admin Offices","Boutwell, Bonalyn","Active","F","Brandon R. LeBlanc","Married","Fully Meets","Sr. Accountant","Black or African American","Diversity Job Fair"
"28",28,10,2,"MA",1901,74312,2,3,3.39,3,0,2014-02-20,2015-09-30,2,2016-08-07,1,4,0,2,0,14,5.41917808219178,"Production","Bozzi, Charles","Voluntarily Terminated","M","Janet King","Single","Fully Meets","Production Manager","Asian","Indeed"
"29",29,1,2,"MA",1701,53492,12,3,3.35,4,0,2013-03-04,2014-04-02,2,2015-06-15,0,1,1,3,0,6,6.91506849315068,"Production","Brill, Donna","Voluntarily Terminated","F","David Stanley","Married","Fully Meets","Production Technician I","White","Google Search"
"30",30,11,1,"MA",1450,63000,1,3,4.5,2,6,2019-01-15,2010-10-27,1,NA,0,2,1,5,0,14,10.3479452054795,"Admin Offices","Brown, Mia","Active","F","Brandon R. LeBlanc","Married","Fully Meets","Accountant I","Black or African American","Diversity Job Fair"
"31",31,3,2,"MA",1013,65288,20,3,3.19,3,0,2019-02-01,2016-09-29,1,NA,1,1,0,3,0,9,4.41917808219178,"Production","Buccheri, Joseph","Active","M","Webster Butler","Single","Fully Meets","Production Technician II","White","Google Search"
"32",32,1,2,"MA",2043,64375,17,3,3.5,5,0,2019-01-21,2015-11-11,1,NA,0,2,3,5,0,17,5.3041095890411,"Production","Bugali, Josephine","Active","F","Kissy Sullivan","Separated","Fully Meets","Production Technician I","Black or African American","Diversity Job Fair"
"33",33,12,5,"VA",21851,74326,15,3,3.14,5,0,2013-02-10,2013-08-15,2,2016-08-02,0,2,1,3,1,19,7.54520547945206,"Sales","Bunbury, Jessica","Voluntarily Terminated","F","John Smith","Married","Fully Meets","Area Sales Manager","Black or African American","Google Search"
"34",34,3,2,"MA",2148,63763,9,3,4.51,4,0,2019-02-21,2014-03-05,1,NA,0,2,0,4,0,3,6.99178082191781,"Production","Burke, Joelle","Active","F","Amy Dunn","Single","Fully Meets","Production Technician II","Black or African American","Employee Referral"
"35",35,3,2,"MA",1890,62162,21,3,3.25,5,0,2019-01-14,2013-04-04,1,NA,1,1,1,2,0,15,7.90958904109589,"Production","Burkett, Benjamin","Active","M","Ketsia Liebig","Married","Fully Meets","Production Technician II","White","Indeed"
"36",36,13,3,"MA",2184,77692,4,3,3.84,3,5,2019-01-21,2013-08-15,1,NA,1,1,0,3,0,4,7.54520547945206,"Software Engineering","Cady, Max","Active","M","Jennifer Zamora","Single","Fully Meets","Software Engineering Manager","White","Google Search"
"37",37,10,2,"MA",2169,72640,2,4,5,3,0,2019-02-22,2018-01-28,1,NA,1,1,0,2,0,14,3.08767123287671,"Production","Candie, Calvin","Active","M","Janet King","Single","Exceeds","Production Manager","White","Indeed"
"38",38,4,3,"MA",2132,93396,8,3,4.96,4,6,2019-01-30,2015-11-11,1,NA,0,1,0,2,0,3,5.3041095890411,"Software Engineering","Carabbio, Judith","Active","F","Alex Sweetwater","Single","Fully Meets","Software Engineer","White","Indeed"
"39",39,1,2,"MA",1701,52846,16,3,4.43,3,0,2019-02-01,2016-03-31,1,NA,1,2,0,1,0,14,4.91780821917808,"Production","Carey, Michael","Active","M","Kelley Spirea","Single","Fully Meets","Production Technician I","Black or African American","LinkedIn"
"40",40,2,4,"MA",1886,100031,3,3,5,5,6,2019-02-18,2018-06-30,1,NA,0,2,0,1,0,7,2.66849315068493,"IT/IS","Carr, Claudia N","Active","F","Simon Roup","Single","Fully Meets","Sr. DBA","Black or African American","LinkedIn"
"41",41,12,5,"VT",5664,71860,15,3,5,5,0,2019-01-21,2016-08-18,1,NA,0,1,0,2,0,7,4.53424657534247,"Sales","Carter, Michelle","Active","F","John Smith","Single","Fully Meets","Area Sales Manager","White","Indeed"
"42",42,1,2,"MA",2763,61656,19,3,5,4,0,2019-02-12,2016-09-29,1,NA,0,1,0,3,0,11,4.41917808219178,"Production","Chace, Beatrice","Active","F","Michael Albert","Single","Fully Meets","Production Technician I","White","Google Search"
"43",43,14,4,"MA",2045,110929,4,3,4.5,5,7,2019-01-15,2018-09-06,1,NA,1,1,1,2,0,8,2.48219178082192,"IT/IS","Champaigne, Brian","Active","M","Jennifer Zamora","Married","Fully Meets","BI Director","White","Indeed"
"44",44,1,2,"MA",2170,54237,14,3,3.3,4,0,2019-02-19,2016-05-12,1,NA,0,1,0,2,0,11,4.8027397260274,"Production","Chan, Lin","Active","F","Elijiah Gray","Single","Fully Meets","Production Technician I","White","Indeed"
"45",45,1,2,"MA",1845,60380,20,3,3.8,5,0,2019-01-14,2015-07-08,1,NA,1,1,0,1,0,4,5.64931506849315,"Production","Chang, Donovan E","Active","M","Webster Butler","Single","Fully Meets","Production Technician I","White","LinkedIn"
"46",46,12,5,"TX",78207,66808,18,3,3,5,0,2019-01-19,2014-05-14,1,NA,1,2,0,4,0,17,6.8,"Sales","Chigurh, Anton","Active","M","Lynn Daneault","Single","Fully Meets","Area Sales Manager","Black or African American","Employee Referral"
"47",47,1,2,"MA",1775,64786,9,3,4.3,4,0,2015-03-10,2013-06-27,2,2017-11-15,0,1,0,2,0,3,7.67945205479452,"Production","Chivukula, Enola","Voluntarily Terminated","F","Amy Dunn","Single","Fully Meets","Production Technician I","White","Indeed"
"48",48,1,2,"MA",2044,64816,21,3,3.58,5,0,2019-01-30,2013-10-03,1,NA,0,2,0,2,0,3,7.41095890410959,"Production","Cierpiszewski, Caroline","Active","F","Ketsia Liebig","Single","Fully Meets","Production Technician I","Black or African American","Indeed"
"49",49,5,4,"MA",2170,68678,5,3,4.7,3,6,2019-02-27,2014-09-05,1,NA,1,1,0,2,0,2,6.48767123287671,"IT/IS","Clayton, Rick","Active","M","Eric Dougall","Single","Fully Meets","IT Support","White","Indeed"
"50",50,3,2,"MA",1752,64066,10,3,4.2,5,0,2012-05-03,2013-05-16,2,2015-01-07,0,1,1,3,0,9,7.79452054794521,"Production","Cloninger, Jennifer","Voluntarily Terminated","F","Brannon Miller","Married","Fully Meets","Production Technician II","White","Google Search"
"51",51,3,2,"MA",2169,59369,12,3,4.2,4,0,2011-05-04,2012-08-30,2,2013-09-26,1,1,1,2,0,6,8.5041095890411,"Production","Close, Phil","Voluntarily Terminated","M","David Stanley","Married","Fully Meets","Production Technician II","White","Indeed"
"52",52,1,2,"MA",2134,50373,10,4,4.1,4,0,2019-02-28,2018-07-06,1,NA,1,1,1,4,0,5,2.65205479452055,"Production","Clukey, Elijian","Active","M","Brannon Miller","Married","Exceeds","Production Technician I","White","Employee Referral"
"53",53,1,2,"MA",2452,63108,12,3,4.4,5,0,2019-01-14,2015-07-08,1,NA,1,1,0,4,0,3,5.64931506849315,"Production","Cockel, James","Active","M","David Stanley","Single","Fully Meets","Production Technician I","White","Employee Referral"
"54",54,1,2,"MA",1880,59144,17,2,2,3,0,2016-05-01,2013-07-11,3,2018-09-23,1,2,0,1,5,16,7.64109589041096,"Production","Cole, Spencer","Terminated for Cause","M","Kissy Sullivan","Single","Needs Improvement","Production Technician I","Black or African American","LinkedIn"
"55",55,10,2,"MA",1803,68051,2,2,4.13,2,0,2019-01-14,2012-07-20,1,NA,1,1,2,7,3,3,8.61643835616438,"Production","Corleone, Michael","Active","M","Janet King","Divorced","Needs Improvement","Production Manager","White","CareerBuilder"
"56",56,15,2,"MA",2030,170500,2,4,3.7,5,0,2019-02-04,2011-01-05,1,NA,1,2,0,2,0,15,10.1561643835616,"Production","Corleone, Vito","Active","M","Janet King","Single","Exceeds","Director of Operations","Black or African American","Indeed"
"57",57,1,2,"MA",2189,63381,16,3,4.73,5,0,2019-02-14,2017-01-05,1,NA,0,1,1,2,0,6,4.15068493150685,"Production","Cornett, Lisa","Active","F","Kelley Spirea","Married","Fully Meets","Production Technician I","White","Indeed"
"58",58,6,4,"MA",1810,83552,3,3,3.04,3,6,2019-01-22,2017-03-30,1,NA,1,1,1,2,0,2,3.92054794520548,"IT/IS","Costello, Frank","Active","M","Simon Roup","Married","Fully Meets","Data Analyst","White","Indeed"
"59",59,1,2,"MA",1821,56149,19,3,4.12,5,0,2019-01-28,2018-07-06,1,NA,0,1,0,1,0,15,2.65205479452055,"Production","Crimmings, Jean","Active","F","Michael Albert","Single","Fully Meets","Production Technician I","White","LinkedIn"
"60",60,16,4,"CT",6278,92329,6,3,5,3,4,2019-01-02,2016-11-10,1,NA,1,1,0,4,0,5,4.3041095890411,"IT/IS","Cross, Noah","Active","M","Peter Monroe","Single","Fully Meets","Sr. Network Engineer","White","Employee Referral"
"61",61,17,5,"VT",5473,65729,13,3,4.62,4,0,2019-01-24,2016-05-05,1,NA,0,1,0,2,0,8,4.82191780821918,"Sales","Daneault, Lynn","Active","F","Debra Houlihan","Single","Fully Meets","Sales Manager","White","Indeed"
"62",62,16,4,"CT",6033,85028,6,3,3.1,5,8,2019-02-12,2016-11-10,1,NA,0,1,1,1,0,19,4.3041095890411,"IT/IS","Daniele, Ann","Active","F","Peter Monroe","Married","Fully Meets","Sr. Network Engineer","White","LinkedIn"
"63",63,1,2,"MA",2110,57583,14,3,5,3,0,2019-02-25,2014-07-02,1,NA,0,1,1,2,0,1,6.66575342465753,"Production","Darson, Jene'ya","Active","F","Elijiah Gray","Married","Fully Meets","Production Technician I","White","Indeed"
"64",64,3,2,"MA",2458,56294,17,3,3.96,4,0,2019-02-27,2013-11-07,1,NA,1,6,0,1,0,6,7.31506849315068,"Production","Davis, Daniel","Active","M","Kissy Sullivan","Single","Fully Meets","Production Technician II","Two or more races","LinkedIn"
"65",65,1,2,"MA",2138,56991,10,3,4.3,4,3,2019-01-31,2020-07-09,1,NA,1,1,1,2,2,2,0.641095890410959,"Production","Dee, Randy","Active","M","Brannon Miller","Married","Fully Meets","Production Technician I","White","Indeed"
"66",66,1,2,"MA",1810,55722,20,3,5,4,0,2016-04-02,2013-05-16,2,2018-06-08,1,1,1,2,0,14,7.79452054794521,"Production","DeGweck, James","Voluntarily Terminated","M","Webster Butler","Married","Fully Meets","Production Technician I","White","Indeed"
"67",67,4,3,"MA",2176,101199,8,3,3.79,5,5,2019-01-25,2014-01-09,1,NA,0,2,0,7,0,8,7.14246575342466,"Software Engineering","Del Bosque, Keyla","Active","F","Alex Sweetwater","Single","Fully Meets","Software Engineer","Black or African American","CareerBuilder"
"68",68,12,5,"AL",36006,61568,15,1,1.93,3,0,2019-01-30,2016-09-29,1,NA,1,6,0,2,6,5,4.41917808219178,"Sales","Delarge, Alex","Active","M","John Smith","Single","PIP","Area Sales Manager","Two or more races","Indeed"
"69",69,3,2,"MA",2343,58275,16,3,4.62,5,0,2015-05-06,2013-04-04,2,2017-11-04,0,2,3,3,0,1,7.90958904109589,"Production","Demita, Carla","Voluntarily Terminated","F","Kelley Spirea","Separated","Fully Meets","Production Technician II","Black or African American","Google Search"
"70",70,1,2,"MA",2061,53189,9,1,1.12,2,0,2019-01-31,2016-07-07,1,NA,1,1,1,2,4,9,4.64931506849315,"Production","Desimone, Carl","Active","M","Amy Dunn","Married","PIP","Production Technician I","White","Indeed"
"71",71,18,4,"MA",2045,96820,11,3,3.01,5,7,2019-01-23,2019-02-15,1,NA,1,1,0,2,0,15,2.03835616438356,"IT/IS","DeVito, Tommy","Active","M","Brian Champaigne","Single","Fully Meets","BI Developer","White","Indeed"
"72",72,1,2,"MA",2180,51259,21,3,4.3,4,0,2019-02-19,2016-05-12,1,NA,1,1,0,2,0,1,4.8027397260274,"Production","Dickinson, Geoff","Active","M","Ketsia Liebig","Single","Fully Meets","Production Technician I","White","Indeed"
"73",73,12,5,"WA",98052,59231,15,1,2.3,1,0,2019-01-29,2014-02-20,1,NA,0,1,0,8,2,17,7.02739726027397,"Sales","Dietrich, Jenna","Active","F","John Smith","Single","PIP","Area Sales Manager","White","Website"
"74",74,1,2,"MA",2351,61584,10,2,3.88,4,0,2019-01-18,2015-01-07,1,NA,0,2,1,2,0,6,6.14794520547945,"Production","DiNocco, Lily","Active","F","Brannon Miller","Married","Needs Improvement","Production Technician I","Black or African American","Indeed"
"75",75,1,2,"MA",2125,46335,12,3,3.4,5,0,2019-02-19,2014-04-02,1,NA,0,1,0,7,0,15,6.91506849315068,"Production","Dobrin, Denisa S","Active","F","David Stanley","Single","Fully Meets","Production Technician I","White","CareerBuilder"
"76",76,5,4,"MA",2119,70621,6,3,4.11,4,6,2019-02-25,2017-01-05,1,NA,0,1,1,4,0,16,4.15068493150685,"IT/IS","Dolan, Linda","Active","F","Peter Monroe","Married","Fully Meets","IT Support","White","Employee Referral"
"77",77,19,4,"MA",1886,138888,4,4,4.3,5,5,2019-01-04,2016-01-05,1,NA,1,2,0,2,0,4,5.15342465753425,"IT/IS","Dougall, Eric","Active","M","Jennifer Zamora","Single","Exceeds","IT Manager - Support","Black or African American","Indeed"
"78",78,12,5,"CA",90007,74241,18,4,4.77,5,0,2019-01-27,2013-01-10,1,NA,0,1,0,2,0,14,8.13972602739726,"Sales","Driver, Elle","Active","F","Lynn Daneault","Single","Exceeds","Area Sales Manager","White","Indeed"
"79",79,10,2,"MA",1731,75188,2,3,4.52,4,0,2019-01-15,2016-09-18,1,NA,0,1,0,3,0,4,4.44931506849315,"Production","Dunn, Amy","Active","F","Janet King","Single","Fully Meets","Production Manager","White","Google Search"
"80",80,1,2,"MA",1749,62514,21,3,2.9,3,0,2019-01-21,2012-04-26,1,NA,0,1,1,3,0,6,8.84931506849315,"Production","Dunne, Amy","Active","F","Ketsia Liebig","Married","Fully Meets","Production Technician I","White","Google Search"
"81",81,1,2,"MA",2343,60070,17,3,5,3,0,2017-04-09,2013-04-04,2,2019-06-06,0,1,1,3,0,7,7.90958904109589,"Production","Eaton, Marianne","Voluntarily Terminated","F","Kissy Sullivan","Married","Fully Meets","Production Technician I","White","Google Search"
"82",82,1,2,"MA",2026,48888,16,3,4.7,5,0,2019-02-13,2016-11-10,1,NA,1,1,0,1,0,8,4.3041095890411,"Production","Engdahl, Jean","Active","M","Kelley Spirea","Single","Fully Meets","Production Technician I","White","LinkedIn"
"83",83,1,2,"MA",2045,54285,16,3,4.2,3,0,2019-01-11,2016-03-31,1,NA,1,1,1,4,0,3,4.91780821917808,"Production","England, Rex","Active","M","Kelley Spirea","Married","Fully Meets","Production Technician I","White","Employee Referral"
"84",84,3,2,"MA",2133,56847,19,1,3,1,0,2019-02-25,2016-07-07,1,NA,0,1,3,2,2,5,4.64931506849315,"Production","Erilus, Angela","Active","F","Michael Albert","Separated","PIP","Production Technician II","White","Indeed"
"85",85,1,2,"MA",2129,60340,19,2,5,4,0,2018-04-12,2014-04-02,3,2020-09-27,1,1,0,3,5,16,6.91506849315068,"Production","Estremera, Miguel","Terminated for Cause","M","Michael Albert","Single","Needs Improvement","Production Technician I","White","Google Search"
"86",86,1,2,"MA",2458,59124,14,2,2.3,3,0,2017-01-15,2016-02-17,3,2020-02-25,0,1,0,3,5,19,5.03561643835616,"Production","Evensen, April","Terminated for Cause","F","Elijiah Gray","Single","Needs Improvement","Production Technician I","White","Google Search"
"87",87,4,3,"MA",1749,99280,8,2,2.1,5,4,2012-08-10,2013-05-02,3,2015-06-05,0,2,1,2,4,19,7.83287671232877,"Software Engineering","Exantus, Susan","Terminated for Cause","F","Alex Sweetwater","Married","Needs Improvement","Software Engineer","Black or African American","Indeed"
"88",88,3,2,"MA",1824,71776,14,3,4.4,5,0,2019-02-22,2016-07-07,1,NA,0,2,1,1,0,17,4.64931506849315,"Production","Faller, Megan","Active","F","Elijiah Gray","Married","Fully Meets","Production Technician II","Black or African American","LinkedIn"
"89",89,3,2,"MA",2324,65902,20,3,4,4,0,2019-01-07,2016-02-17,1,NA,0,2,0,1,0,7,5.03561643835616,"Production","Fancett, Nicole","Active","F","Webster Butler","Single","Fully Meets","Production Technician II","Black or African American","LinkedIn"
"90",90,1,2,"MA",2176,57748,20,3,3.13,3,0,2016-02-04,2013-11-07,2,2018-05-17,0,1,1,3,0,16,7.31506849315068,"Production","Ferguson, Susan","Voluntarily Terminated","F","Webster Butler","Married","Fully Meets","Production Technician I","White","Google Search"
"91",91,1,2,"MA",2132,64057,9,1,1.56,5,0,2019-01-03,2017-05-11,1,NA,1,1,1,2,6,15,3.80547945205479,"Production","Fernandes, Nilson","Active","M","Amy Dunn","Married","PIP","Production Technician I","White","Indeed"
"92",92,20,4,"MA",2138,53366,6,1,1.2,3,6,2019-02-04,2017-03-30,1,NA,1,1,0,1,3,2,3.92054794520548,"IT/IS","Fett, Boba","Active","M","Peter Monroe","Single","PIP","Network Engineer","White","LinkedIn"
"93",93,1,2,"MA",2155,58530,10,3,5,5,0,2019-01-29,2014-01-09,1,NA,0,1,1,3,0,19,7.14246575342466,"Production","Fidelia, Libby","Active","F","Brannon Miller","Married","Fully Meets","Production Technician I","White","Google Search"
"94",94,3,2,"MA",2143,72609,9,3,4.76,5,0,2013-04-05,2013-05-16,2,2015-06-24,1,1,0,3,0,20,7.79452054794521,"Production","Fitzpatrick, Michael J","Voluntarily Terminated","M","Amy Dunn","Single","Fully Meets","Production Technician II","White","Google Search"
"95",95,3,2,"MA",2170,55965,21,3,3.66,3,0,2012-01-07,2013-04-04,2,2015-01-09,0,1,1,3,0,6,7.90958904109589,"Production","Foreman, Tanya","Voluntarily Terminated","F","Ketsia Liebig","Married","Fully Meets","Production Technician II","White","Google Search"
"96",96,12,5,"MA",2330,70187,18,1,2,5,0,2019-01-28,2016-09-29,3,2020-08-19,1,1,1,4,4,7,4.41917808219178,"Sales","Forrest, Alex","Terminated for Cause","M","Lynn Daneault","Married","PIP","Area Sales Manager","White","Employee Referral"
"97",97,21,4,"MA",1460,178000,4,4,5,5,5,2019-01-07,2013-04-15,1,NA,1,2,0,2,0,15,7.87945205479452,"IT/IS","Foss, Jason","Active","M","Jennifer Zamora","Single","Exceeds","IT Director","Black or African American","Indeed"
"98",98,9,1,"MA",2050,99351,7,3,5,3,2,2019-02-08,2011-01-05,1,NA,0,1,1,9,0,3,10.1561643835616,"Admin Offices","Foster-Baker, Amy","Active","F","Board of Directors","Married","Fully Meets","Sr. Accountant","White","Other"
"99",99,12,5,"CT",6050,67251,18,3,4.3,3,0,2019-01-27,2013-09-06,1,NA,1,2,0,7,2,7,7.48493150684931,"Sales","Fraval, Maruk","Active","M","Lynn Daneault","Single","Fully Meets","Area Sales Manager","Black or African American","CareerBuilder"
"100",100,5,4,"CT",6040,65707,5,3,4.7,4,5,2019-02-01,2012-05-01,1,NA,0,1,0,1,0,1,8.83561643835616,"IT/IS","Galia, Lisa","Active","F","Eric Dougall","Single","Fully Meets","IT Support","White","LinkedIn"
"101",101,1,2,"MA",1905,52249,12,3,4.5,3,0,2019-02-18,2017-03-30,1,NA,1,1,0,4,0,5,3.92054794520548,"Production","Garcia, Raul","Active","M","David Stanley","Single","Fully Meets","Production Technician I","White","Employee Referral"
"102",102,1,2,"MA",2121,53171,16,3,4.2,4,0,2019-02-26,2013-05-16,1,NA,0,2,0,1,0,12,7.79452054794521,"Production","Gaul, Barbara","Active","F","Kelley Spirea","Single","Fully Meets","Production Technician I","Black or African American","LinkedIn"
"103",103,1,2,"MA",2145,51337,19,3,3.73,3,0,2019-01-16,2017-03-30,1,NA,0,2,1,1,0,19,3.92054794520548,"Production","Gentry, Mildred","Active","F","Michael Albert","Married","Fully Meets","Production Technician I","Black or African American","LinkedIn"
"104",104,1,2,"MA",2330,51505,14,3,4.24,4,0,2016-04-29,2013-11-07,2,2018-11-15,0,2,2,5,0,2,7.31506849315068,"Production","Gerke, Melisa","Voluntarily Terminated","F","Elijiah Gray","Divorced","Fully Meets","Production Technician I","Black or African American","Diversity Job Fair"
"105",105,12,5,"OH",43050,59370,15,3,3.97,4,0,2014-01-15,2016-07-07,3,2017-09-05,0,2,4,7,0,7,4.64931506849315,"Sales","Gill, Whitney","Terminated for Cause","F","John Smith","Widowed","Fully Meets","Area Sales Manager","Black or African American","CareerBuilder"
"106",106,1,2,"MA",2062,54933,20,2,3.97,4,0,2015-01-20,2014-04-02,2,2017-06-25,1,2,1,5,3,15,6.91506849315068,"Production","Gilles, Alex","Voluntarily Terminated","M","Webster Butler","Married","Needs Improvement","Production Technician I","Black or African American","Diversity Job Fair"
"107",107,1,2,"MA",2451,57815,9,4,3.9,4,0,2019-02-07,2016-09-29,1,NA,0,6,0,2,0,3,4.41917808219178,"Production","Girifalco, Evelyn","Active","F","Amy Dunn","Single","Exceeds","Production Technician I","Two or more races","Indeed"
"108",108,12,5,"IN",46204,61555,18,3,4.5,5,0,2019-01-25,2017-02-16,1,NA,0,1,0,2,0,20,4.03561643835616,"Sales","Givens, Myriam","Active","F","Lynn Daneault","Single","Fully Meets","Area Sales Manager","White","Indeed"
"109",109,7,4,"MA",2127,114800,3,3,4.6,4,4,2015-01-20,2017-02-16,3,2017-03-15,0,1,0,2,0,10,4.03561643835616,"IT/IS","Goble, Taisha","Terminated for Cause","F","Simon Roup","Single","Fully Meets","Database Administrator","White","Indeed"
"110",110,5,4,"MA",2135,74679,6,3,4.3,5,7,2019-01-10,2017-03-30,1,NA,1,1,1,1,0,20,3.92054794520548,"IT/IS","Goeth, Amon","Active","M","Peter Monroe","Married","Fully Meets","IT Support","White","LinkedIn"
"111",111,1,2,"MA",2451,53018,21,3,4.3,5,0,2019-02-18,2015-11-11,1,NA,0,1,0,2,0,7,5.3041095890411,"Production","Gold, Shenice","Active","F","Ketsia Liebig","Single","Fully Meets","Production Technician I","White","Indeed"
"112",112,1,2,"MA",2108,59892,10,4,4.5,4,0,2019-02-18,2013-07-11,1,NA,1,2,2,5,0,1,7.64109589041096,"Production","Gonzalez, Cayo","Active","M","Brannon Miller","Divorced","Exceeds","Production Technician I","Black or African American","Diversity Job Fair"
"113",113,3,2,"MA",2128,68898,10,1,3,3,0,2011-03-06,2012-04-26,2,2013-05-30,1,2,1,5,3,10,8.84931506849315,"Production","Gonzalez, Juan","Voluntarily Terminated","M","Brannon Miller","Married","PIP","Production Technician II","Black or African American","Diversity Job Fair"
"114",114,5,4,"MA",2472,61242,6,3,4.61,4,5,2019-01-28,2017-01-05,1,NA,0,1,3,4,0,11,4.15068493150685,"IT/IS","Gonzalez, Maria","Active","F","Peter Monroe","Separated","Fully Meets","IT Support","White","Employee Referral"
"115",115,3,2,"MA",1886,66825,12,3,4.6,3,0,2019-02-07,2016-05-12,1,NA,0,1,1,1,0,20,4.8027397260274,"Production","Good, Susan","Active","F","David Stanley","Married","Fully Meets","Production Technician II","White","LinkedIn"
"116",116,1,2,"MA",2169,48285,12,3,5,3,0,2019-01-14,2014-07-02,1,NA,1,1,1,1,0,2,6.66575342465753,"Production","Gordon, David","Active","M","David Stanley","Married","Fully Meets","Production Technician I","White","LinkedIn"
"117",117,3,2,"MA",1824,66149,17,3,4.4,5,0,2019-02-21,2015-09-30,1,NA,0,5,3,3,0,1,5.41917808219178,"Production","Gosciminski, Phylicia","Active","F","Kissy Sullivan","Separated","Fully Meets","Production Technician II","American Indian or Alaska Native","Google Search"
"118",118,1,2,"MA",1864,49256,17,3,4.1,5,0,2019-02-15,2015-08-19,1,NA,0,4,1,1,0,3,5.53424657534247,"Production","Goyal, Roxana","Active","F","Kissy Sullivan","Married","Fully Meets","Production Technician I","Asian","LinkedIn"
"119",119,10,2,"MA",1752,62957,2,3,4.63,3,0,2019-01-04,2017-06-02,1,NA,1,1,2,4,0,2,3.74520547945205,"Production","Gray, Elijiah","Active","M","Janet King","Divorced","Fully Meets","Production Manager","White","Employee Referral"
"120",120,1,2,"MA",2176,63813,16,3,5,5,0,2013-06-03,2013-02-21,2,2016-01-11,0,1,2,7,0,17,8.02465753424658,"Production","Gross, Paula","Voluntarily Terminated","F","Kelley Spirea","Divorced","Fully Meets","Production Technician I","White","CareerBuilder"
"121",121,18,4,"MA",2134,99020,11,3,4.2,5,5,2019-01-28,2019-04-20,1,NA,1,2,1,2,0,8,1.86301369863014,"IT/IS","Gruber, Hans","Active","M","Brian Champaigne","Married","Fully Meets","BI Developer","Black or African American","Indeed"
"122",122,12,5,"TN",37129,71707,15,3,4.5,5,0,2013-02-01,2014-03-07,2,2016-10-31,1,6,0,1,0,20,6.98630136986301,"Sales","Guilianno, Mike","Voluntarily Terminated","M","John Smith","Single","Fully Meets","Area Sales Manager","Two or more races","LinkedIn"
"123",123,1,2,"MA",2127,54828,19,3,4.2,4,0,2019-02-22,2013-11-28,1,NA,0,1,1,3,0,13,7.25753424657534,"Production","Handschiegl, Joanne","Active","F","Michael Albert","Married","Fully Meets","Production Technician I","White","Google Search"
"124",124,3,2,"MA",2155,64246,16,3,5,3,0,2019-01-08,2015-11-11,1,NA,1,1,0,1,0,20,5.3041095890411,"Production","Hankard, Earnest","Active","M","Kelley Spirea","Single","Fully Meets","Production Technician II","White","LinkedIn"
"125",125,1,2,"MA",2324,52177,20,3,4.64,4,0,2015-05-02,2014-01-09,2,2017-12-15,0,1,0,7,0,8,7.14246575342466,"Production","Harrington, Christie","Voluntarily Terminated","F","Webster Butler","Single","Fully Meets","Production Technician I","White","CareerBuilder"
"126",126,1,2,"MA",1886,62065,9,4,4.76,4,0,2019-02-15,2016-05-12,1,NA,0,1,1,7,0,5,4.8027397260274,"Production","Harrison, Kara","Active","F","Amy Dunn","Married","Exceeds","Production Technician I","White","CareerBuilder"
"127",127,1,2,"MA",2149,46998,21,3,4.17,4,0,2019-02-11,2014-08-13,1,NA,1,1,0,3,0,1,6.55068493150685,"Production","Heitzman, Anthony","Active","M","Ketsia Liebig","Single","Fully Meets","Production Technician I","White","Google Search"
"128",128,3,2,"MA",2021,68099,16,3,5,3,0,2013-01-30,2013-01-10,2,2015-06-18,0,1,0,7,0,15,8.13972602739726,"Production","Hendrickson, Trina","Voluntarily Terminated","F","Kelley Spirea","Single","Fully Meets","Production Technician II","White","CareerBuilder"
"129",129,12,5,"NH",3062,70545,15,3,3.6,5,0,2019-01-30,2016-08-18,1,NA,1,5,1,2,0,9,4.53424657534247,"Sales","Hitchcock, Alfred","Active","M","John Smith","Married","Fully Meets","Area Sales Manager","American Indian or Alaska Native","Indeed"
"130",130,3,2,"MA",2445,63478,19,3,3.03,5,0,2012-03-05,2013-08-15,2,2014-04-07,0,1,1,2,0,16,7.54520547945206,"Production","Homberger, Adrienne J","Voluntarily Terminated","F","Michael Albert","Married","Fully Meets","Production Technician II","White","Indeed"
"131",131,7,4,"MA",2493,97999,3,3,4.48,5,6,2019-01-03,2017-03-30,1,NA,0,1,0,2,0,4,3.92054794520548,"IT/IS","Horton, Jayne","Active","F","Simon Roup","Single","Fully Meets","Database Administrator","White","Indeed"
"132",132,22,5,"RI",2908,180000,2,3,4.5,4,0,2019-01-21,2016-05-05,1,NA,0,1,1,1,0,19,4.82191780821918,"Sales","Houlihan, Debra","Active","F","Janet King","Married","Fully Meets","Director of Sales","White","LinkedIn"
"133",133,23,1,"MA",2170,49920,1,3,3.24,3,4,2015-04-15,2017-02-16,3,2017-04-15,0,2,1,2,0,6,4.03561643835616,"Admin Offices","Howard, Estelle","Terminated for Cause","F","Brandon R. LeBlanc","Married","Fully Meets","Administrative Assistant","Black or African American","Indeed"
"134",134,1,2,"MA",2176,55425,21,3,4.8,4,0,2019-01-07,2014-02-20,1,NA,0,1,0,1,0,4,7.02739726027397,"Production","Hudson, Jane","Active","F","Ketsia Liebig","Single","Fully Meets","Production Technician I","White","LinkedIn"
"135",135,3,2,"MA",2021,69340,14,3,3,5,0,2019-01-18,2018-06-06,1,NA,0,1,0,1,0,4,2.73424657534247,"Production","Hunts, Julissa","Active","F","Elijiah Gray","Single","Fully Meets","Production Technician II","White","LinkedIn"
"136",136,3,2,"MA",2351,64995,20,3,4.5,3,0,2019-02-14,2017-06-05,1,NA,0,1,3,2,0,6,3.73698630136986,"Production","Hutter, Rosalie","Active","F","Webster Butler","Separated","Fully Meets","Production Technician II","White","Indeed"
"137",137,3,2,"MA",1742,68182,9,3,3.72,3,0,2013-02-01,2013-02-21,2,2015-04-01,0,1,2,3,0,18,8.02465753424658,"Production","Huynh, Ming","Voluntarily Terminated","F","Amy Dunn","Divorced","Fully Meets","Production Technician II","White","Google Search"
"138",138,10,2,"MA",2128,83082,2,2,2.34,2,0,2012-04-12,2013-02-21,2,2014-09-24,1,4,1,2,3,4,8.02465753424658,"Production","Immediato, Walter","Voluntarily Terminated","M","Janet King","Married","Needs Improvement","Production Manager","Asian","Indeed"
"139",139,1,2,"MA",1775,51908,10,3,3.99,3,0,2019-01-14,2015-08-19,1,NA,0,1,0,2,0,14,5.53424657534247,"Production","Ivey, Rose","Active","F","Brannon Miller","Single","Fully Meets","Production Technician I","White","Indeed"
"140",140,1,2,"MA",2081,61242,12,3,4.1,3,0,2019-01-17,2014-11-05,1,NA,0,2,0,1,0,7,6.32054794520548,"Production","Jackson, Maryellen","Active","F","David Stanley","Single","Fully Meets","Production Technician I","Black or African American","LinkedIn"
"141",141,1,2,"MA",1778,45069,17,3,4.3,5,0,2019-02-22,2015-09-30,1,NA,0,1,2,4,0,7,5.41917808219178,"Production","Jacobi, Hannah","Active","F","Kissy Sullivan","Divorced","Fully Meets","Production Technician I","White","Employee Referral"
"142",142,3,2,"MA",1821,60724,21,4,4.6,4,0,2019-02-25,2013-07-05,1,NA,0,5,2,1,0,11,7.65753424657534,"Production","Jeannite, Tayana","Active","F","Ketsia Liebig","Divorced","Exceeds","Production Technician II","American Indian or Alaska Native","LinkedIn"
"143",143,1,2,"MA",2109,60436,16,3,5,5,0,2019-01-21,2016-01-06,1,NA,0,1,3,1,0,9,5.15068493150685,"Production","Jhaveri, Sneha","Active","F","Kelley Spirea","Separated","Fully Meets","Production Technician I","White","LinkedIn"
"144",144,1,2,"MA",2445,46837,19,4,4.7,4,0,2018-02-14,2013-11-07,2,2020-04-29,1,1,1,7,0,9,7.31506849315068,"Production","Johnson, George","Voluntarily Terminated","M","Michael Albert","Married","Exceeds","Production Technician I","White","CareerBuilder"
"145",145,7,4,"MA",2301,105700,3,3,3.75,3,5,2019-02-11,2017-01-05,1,NA,0,4,1,2,0,2,4.15068493150685,"IT/IS","Johnson, Noelle","Active","F","Simon Roup","Married","Fully Meets","Database Administrator","Asian","Indeed"
"146",146,3,2,"MA",2128,63322,10,4,4.3,3,0,2019-01-11,2016-07-07,1,NA,0,1,0,1,0,1,4.64931506849315,"Production","Johnston, Yen","Active","F","Brannon Miller","Single","Exceeds","Production Technician II","White","LinkedIn"
"147",147,1,2,"MA",2446,61154,14,3,4,4,0,2016-02-03,2013-01-10,2,2018-04-01,0,2,1,7,0,4,8.13972602739726,"Production","Jung, Judy","Voluntarily Terminated","F","Elijiah Gray","Married","Fully Meets","Production Technician I","Black or African American","CareerBuilder"
"148",148,17,5,"PA",19444,68999,13,3,4.5,5,0,2013-03-30,2013-11-07,2,2016-04-24,0,1,0,3,0,2,7.31506849315068,"Sales","Kampew, Donysha","Voluntarily Terminated","F","Debra Houlihan","Single","Fully Meets","Sales Manager","White","Google Search"
"149",149,1,2,"MA",1887,50482,19,3,3.07,4,0,2019-01-23,2015-09-30,1,NA,1,1,0,2,0,10,5.41917808219178,"Production","Keatts, Kramer","Active","M","Michael Albert","Single","Fully Meets","Production Technician I","White","Indeed"
"150",150,12,5,"CO",80820,65310,18,3,4.3,5,0,2019-01-22,2015-08-19,1,NA,1,1,0,2,0,13,5.53424657534247,"Sales","Khemmich, Bartholemew","Active","M","Lynn Daneault","Single","Fully Meets","Area Sales Manager","White","Indeed"
"151",151,24,6,"MA",1902,250000,7,3,4.83,3,0,2019-01-17,2014-07-02,1,NA,0,1,1,2,0,10,6.66575342465753,"Executive Office","King, Janet","Active","F","Board of Directors","Married","Fully Meets","President & CEO","White","Indeed"
"152",152,1,2,"MA",2170,54005,20,3,3.6,5,0,2015-03-01,2013-09-26,2,2017-06-04,0,1,1,3,0,16,7.43013698630137,"Production","Kinsella, Kathleen","Voluntarily Terminated","F","Webster Butler","Married","Fully Meets","Production Technician I","White","Google Search"
"153",153,1,2,"MA",2127,45433,9,3,3.49,4,0,2013-01-30,2013-09-26,2,2016-01-09,0,1,1,3,0,6,7.43013698630137,"Production","Kirill, Alexandra","Voluntarily Terminated","F","Amy Dunn","Married","Fully Meets","Production Technician I","White","Google Search"
"154",154,1,2,"MA",1721,46654,21,3,3.1,3,0,2019-02-06,2016-02-17,1,NA,1,2,0,1,0,3,5.03561643835616,"Production","Knapp, Bradley J","Active","M","Ketsia Liebig","Single","Fully Meets","Production Technician I","Black or African American","LinkedIn"
"155",155,1,2,"MA",1801,63973,10,3,3.38,3,0,2019-01-21,2013-01-10,1,NA,1,4,1,2,0,17,8.13972602739726,"Production","Kretschmer, John","Active","M","Brannon Miller","Married","Fully Meets","Production Technician I","Asian","Indeed"
"156",156,12,5,"NY",10171,71339,15,3,3.65,5,0,2019-01-17,2013-03-07,1,NA,1,2,0,5,0,20,7.98630136986301,"Sales","Kreuger, Freddy","Active","M","John Smith","Single","Fully Meets","Area Sales Manager","Black or African American","Diversity Job Fair"
"157",157,16,4,"MA",2169,93206,6,3,4.46,5,6,2019-01-07,2016-11-10,1,NA,1,1,1,4,0,7,4.3041095890411,"IT/IS","Lajiri, Jyoti","Active","M","Peter Monroe","Married","Fully Meets","Sr. Network Engineer","White","Employee Referral"
"158",158,10,2,"MA",1890,82758,2,3,4.78,4,0,2015-02-15,2013-01-10,3,2017-12-12,1,1,1,4,0,9,8.13972602739726,"Production","Landa, Hans","Terminated for Cause","M","Janet King","Married","Fully Meets","Production Manager","White","Employee Referral"
"159",159,3,2,"MA",2090,66074,12,3,4.52,3,0,2014-02-20,2015-01-07,2,2016-03-31,0,4,2,2,0,20,6.14794520547945,"Production","Langford, Lindsey","Voluntarily Terminated","F","David Stanley","Divorced","Fully Meets","Production Technician II","Asian","Indeed"
"160",160,1,2,"MA",2048,46120,12,3,5,5,0,2019-02-04,2014-07-09,1,NA,1,1,1,1,0,13,6.64657534246575,"Production","Langton, Enrico","Active","M","David Stanley","Married","Fully Meets","Production Technician I","White","LinkedIn"
"161",161,11,1,"MA",1460,64520,1,3,5,4,4,2019-01-17,2016-01-06,1,NA,1,2,2,8,0,3,5.15068493150685,"Admin Offices","LaRotonda, William","Active","M","Brandon R. LeBlanc","Divorced","Fully Meets","Accountant I","Black or African American","Website"
"162",162,3,2,"MA",2126,61962,17,3,4.9,3,0,2013-02-20,2014-04-02,2,2015-04-15,1,1,1,3,0,20,6.91506849315068,"Production","Latif, Mohammed","Voluntarily Terminated","M","Kissy Sullivan","Married","Fully Meets","Production Technician II","White","Google Search"
"163",163,25,4,"MA",1886,81584,11,3,4.1,5,7,2019-01-08,2018-10-02,1,NA,0,4,0,2,0,2,2.41095890410959,"IT/IS","Le, Binh","Active","F","Brian Champaigne","Single","Fully Meets","Senior BI Developer","Asian","Indeed"
"164",164,1,2,"MA",1810,63676,17,3,4.88,3,0,2017-07-02,2013-09-26,2,2020-08-19,0,4,0,7,0,17,7.43013698630137,"Production","Leach, Dallas","Voluntarily Terminated","F","Kissy Sullivan","Single","Fully Meets","Production Technician I","Asian","CareerBuilder"
"165",165,26,1,"MA",1460,93046,2,3,4.1,4,0,2019-01-28,2018-01-05,1,NA,1,1,1,7,0,20,3.15068493150685,"Admin Offices","LeBlanc, Brandon R","Active","M","Janet King","Married","Fully Meets","Shared Services Manager","White","CareerBuilder"
"166",166,1,2,"MA",1776,64738,14,3,4.1,3,0,2019-02-22,2014-05-14,1,NA,1,4,1,3,0,10,6.8,"Production","Lecter, Hannibal","Active","M","Elijiah Gray","Married","Fully Meets","Production Technician I","Asian","Google Search"
"167",167,12,5,"UT",84111,70468,15,3,4.53,3,0,2019-01-29,2014-04-30,1,NA,1,2,3,8,0,16,6.83835616438356,"Sales","Leruth, Giovanni","Active","M","John Smith","Separated","Fully Meets","Area Sales Manager","Black or African American","Website"
"168",168,10,2,"MA",2110,77915,2,4,4.1,3,0,2019-01-21,2015-09-30,1,NA,0,1,1,8,0,11,5.41917808219178,"Production","Liebig, Ketsia","Active","F","Janet King","Married","Exceeds","Production Manager","White","Website"
"169",169,1,2,"MA",1886,52624,19,3,3.18,4,0,2018-03-02,2013-07-05,2,2020-09-26,0,1,1,2,0,16,7.65753424657534,"Production","Linares, Marilyn","Voluntarily Terminated","F","Michael Albert","Married","Fully Meets","Production Technician I","White","Indeed"
"170",170,3,2,"MA",1770,63450,16,3,4,3,0,2019-02-18,2015-07-08,1,NA,1,1,1,1,0,7,5.64931506849315,"Production","Linden, Mathew","Active","M","Kelley Spirea","Married","Fully Meets","Production Technician II","White","LinkedIn"
"171",171,5,4,"CT",6070,51777,5,4,4.64,4,5,2019-01-25,2013-01-21,1,NA,0,2,0,5,0,14,8.10958904109589,"IT/IS","Lindsay, Leonara","Active","F","Eric Dougall","Single","Exceeds","IT Support","Black or African American","Diversity Job Fair"
"172",172,3,2,"MA",2122,67237,19,3,4.65,4,0,2016-06-10,2015-07-08,2,2018-09-15,0,1,4,1,0,15,5.64931506849315,"Production","Lundy, Susan","Voluntarily Terminated","F","Michael Albert","Widowed","Fully Meets","Production Technician II","White","LinkedIn"
"173",173,3,2,"MA",2324,73330,14,4,4.2,4,0,2019-02-12,2015-08-19,1,NA,0,2,0,2,0,19,5.53424657534247,"Production","Lunquist, Lisa","Active","F","Elijiah Gray","Single","Exceeds","Production Technician II","Black or African American","Indeed"
"174",174,1,2,"MA",2122,52057,14,3,5,3,0,2019-01-23,2017-02-16,1,NA,0,2,1,8,0,6,4.03561643835616,"Production","Lydon, Allison","Active","F","Elijiah Gray","Married","Fully Meets","Production Technician I","Black or African American","Website"
"175",175,1,2,"MA",1844,47434,20,4,5,4,0,2015-02-02,2013-11-07,2,2017-11-14,0,2,0,5,0,17,7.31506849315068,"Production","Lynch, Lindsay","Voluntarily Terminated","F","Webster Butler","Single","Exceeds","Production Technician I","Black or African American","Diversity Job Fair"
"176",176,1,2,"MA",1938,52788,9,3,3.08,4,0,2017-04-01,2014-09-24,2,2019-09-26,1,1,4,2,0,18,6.43561643835616,"Production","MacLennan, Samuel","Voluntarily Terminated","M","Amy Dunn","Widowed","Fully Meets","Production Technician I","White","Indeed"
"177",177,1,2,"MA",2189,45395,21,3,4.6,4,0,2019-02-26,2016-01-06,1,NA,0,1,0,1,0,14,5.15068493150685,"Production","Mahoney, Lauren","Active","F","Ketsia Liebig","Single","Fully Meets","Production Technician I","White","LinkedIn"
"178",178,3,2,"MA",2324,62385,20,3,5,3,0,2019-01-21,2018-05-11,1,NA,0,1,1,1,0,4,2.80547945205479,"Production","Manchester, Robyn","Active","F","Webster Butler","Married","Fully Meets","Production Technician II","White","LinkedIn"
"179",179,3,2,"MA",2176,68407,9,3,5,4,0,2012-07-02,2013-07-05,2,2014-08-19,0,6,1,1,0,16,7.65753424657534,"Production","Mancuso, Karen","Voluntarily Terminated","F","Amy Dunn","Married","Fully Meets","Production Technician II","Two or more races","LinkedIn"
"180",180,1,2,"MA",2451,61349,10,3,4.1,3,0,2019-01-22,2015-11-11,1,NA,0,1,1,1,0,11,5.3041095890411,"Production","Mangal, Debbie","Active","F","Brannon Miller","Married","Fully Meets","Production Technician I","White","LinkedIn"
"181",181,4,3,"MA",2135,105688,8,3,4.5,5,4,2019-01-14,2015-11-11,1,NA,0,4,0,3,0,14,5.3041095890411,"Software Engineering","Martin, Sandra","Active","F","Alex Sweetwater","Single","Fully Meets","Software Engineer","Asian","Google Search"
"182",182,1,2,"MA",2330,54132,12,3,5,4,0,2019-01-10,2013-05-31,1,NA,0,1,1,2,0,8,7.75342465753425,"Production","Maurice, Shana","Active","F","David Stanley","Married","Fully Meets","Production Technician I","White","Indeed"
"183",183,3,2,"MA",2149,55315,21,3,5,5,0,2019-02-07,2017-03-30,1,NA,0,2,0,1,0,16,3.92054794520548,"Production","Carthy, B'rigit","Active","F","Ketsia Liebig","Single","Fully Meets","Production Technician II","Black or African American","LinkedIn"
"184",184,1,2,"MA",2184,62810,17,3,3.93,3,0,2019-01-30,2015-01-07,1,NA,0,2,1,7,0,20,6.14794520547945,"Production","Mckenna, Sandy","Active","F","Kissy Sullivan","Married","Fully Meets","Production Technician I","Black or African American","CareerBuilder"
"185",185,12,5,"TX",78789,63291,18,3,3.4,4,0,2019-01-29,2018-07-06,1,NA,1,6,1,8,0,7,2.65205479452055,"Sales","McKinzie, Jac","Active","M","Lynn Daneault","Married","Fully Meets","Area Sales Manager","Two or more races","Website"
"186",186,1,2,"MA",1760,62659,16,3,4.18,4,0,2016-02-05,2014-04-02,2,2018-11-11,0,2,0,5,0,17,6.91506849315068,"Production","Meads, Elizabeth","Voluntarily Terminated","F","Kelley Spirea","Single","Fully Meets","Production Technician I","Black or African American","Diversity Job Fair"
"187",187,1,2,"MA",2346,55688,19,3,5,4,0,2019-01-21,2017-03-30,1,NA,0,1,0,7,0,10,3.92054794520548,"Production","Medeiros, Jennifer","Active","F","Michael Albert","Single","Fully Meets","Production Technician I","White","CareerBuilder"
"188",188,10,2,"MA",2045,83667,2,3,4.37,3,0,2019-01-14,2014-08-16,1,NA,1,3,0,2,0,2,6.54246575342466,"Production","Miller, Brannon","Active","M","Janet King","Single","Fully Meets","Production Manager","Hispanic","Indeed"
"189",189,3,2,"MA",2472,55800,10,1,3,2,0,2013-01-14,2013-08-15,2,2016-09-04,1,1,0,1,6,6,7.54520547945206,"Production","Miller, Ned","Voluntarily Terminated","M","Brannon Miller","Single","PIP","Production Technician II","White","LinkedIn"
"190",190,3,2,"MA",1450,58207,12,3,3.7,3,0,2019-01-08,2013-11-07,1,NA,1,1,1,1,0,14,7.31506849315068,"Production","Monkfish, Erasumus","Active","M","David Stanley","Married","Fully Meets","Production Technician II","White","LinkedIn"
"191",191,27,4,"MA",2134,157000,4,2,2.39,3,6,2019-02-22,2014-02-15,1,NA,1,2,1,5,4,13,7.04109589041096,"IT/IS","Monroe, Peter","Active","M","Jennifer Zamora","Married","Needs Improvement","IT Manager - Infra","Black or African American","Diversity Job Fair"
"192",192,3,2,"MA",2126,72460,17,4,4.7,3,0,2019-01-14,2015-05-13,1,NA,0,2,0,2,0,1,5.8027397260274,"Production","Monterro, Luisa","Active","F","Kissy Sullivan","Single","Exceeds","Production Technician II","Black or African American","Indeed"
"193",193,3,2,"MA",2127,72106,16,3,4.1,4,0,2019-01-31,2014-01-09,1,NA,1,2,0,5,0,12,7.14246575342466,"Production","Moran, Patrick","Active","M","Kelley Spirea","Single","Fully Meets","Production Technician II","Black or African American","Diversity Job Fair"
"194",194,20,4,"MA",2048,52599,6,3,3.81,3,6,2019-02-11,2017-02-16,1,NA,0,1,1,7,0,6,4.03561643835616,"IT/IS","Morway, Tanya","Active","F","Peter Monroe","Married","Fully Meets","Network Engineer","White","CareerBuilder"
"195",195,1,2,"MA",2453,63430,14,3,4.4,4,0,2019-01-17,2015-04-01,1,NA,0,1,2,1,0,18,5.91780821917808,"Production","Motlagh, Dawn","Active","F","Elijiah Gray","Divorced","Fully Meets","Production Technician I","White","LinkedIn"
"196",196,3,2,"MA",1460,74417,19,3,4.29,5,0,2019-01-28,2015-05-13,1,NA,1,2,3,1,0,11,5.8027397260274,"Production","Moumanil, Maliki","Active","M","Michael Albert","Separated","Fully Meets","Production Technician II","Black or African American","LinkedIn"
"197",197,1,2,"MA",1550,57575,17,3,4.1,4,0,2019-01-22,2015-07-08,1,NA,1,4,0,1,0,13,5.64931506849315,"Production","Myers, Michael","Active","M","Kissy Sullivan","Single","Fully Meets","Production Technician I","Asian","LinkedIn"
"198",198,25,4,"MA",2056,87921,11,3,5,3,6,2019-02-25,2019-02-10,1,NA,1,4,0,2,0,17,2.05205479452055,"IT/IS","Navathe, Kurt","Active","M","Brian Champaigne","Single","Fully Meets","Senior BI Developer","Asian","Indeed"
"199",199,1,2,"MA",2110,50470,20,3,4.3,3,0,2013-03-02,2013-09-26,2,2016-04-04,1,2,0,5,0,19,7.43013698630137,"Production","Ndzi, Colombui","Voluntarily Terminated","M","Webster Butler","Single","Fully Meets","Production Technician I","Black or African American","Diversity Job Fair"
"200",200,1,2,"MA",2421,46664,9,3,3.18,3,0,2016-03-06,2015-04-01,2,2018-05-25,1,1,1,4,0,10,5.91780821917808,"Production","Ndzi, Horia","Voluntarily Terminated","M","Amy Dunn","Married","Fully Meets","Production Technician I","White","Employee Referral"
"201",201,1,2,"MA",2136,48495,21,3,5,5,0,2019-02-18,2016-05-12,1,NA,1,1,1,1,0,11,4.8027397260274,"Production","Newman, Richard","Active","M","Ketsia Liebig","Married","Fully Meets","Production Technician I","White","LinkedIn"
"202",202,1,2,"MA",1810,52984,10,4,4,3,0,2019-02-13,2015-04-01,1,NA,0,2,3,5,0,12,5.91780821917808,"Production","Ngodup, Shari","Active","F","Brannon Miller","Separated","Exceeds","Production Technician I","Black or African American","Diversity Job Fair"
"203",203,12,5,"GA",30428,63695,18,3,5,5,0,2019-01-25,2015-07-08,1,NA,0,6,0,2,0,2,5.64931506849315,"Sales","Nguyen, Dheepa","Active","F","Lynn Daneault","Single","Fully Meets","Area Sales Manager","Two or more races","Indeed"
"204",204,1,2,"MA",2132,62061,12,3,3.6,5,0,2019-01-02,2015-07-08,1,NA,0,1,0,1,0,4,5.64931506849315,"Production","Nguyen, Lei-Ming","Active","F","David Stanley","Single","Fully Meets","Production Technician I","White","LinkedIn"
"205",205,3,2,"MA",1040,66738,14,3,4.53,5,0,2019-01-16,2016-11-10,1,NA,0,1,0,2,0,5,4.3041095890411,"Production","Nowlan, Kristie","Active","F","Elijiah Gray","Single","Fully Meets","Production Technician II","White","Indeed"
"206",206,1,2,"MA",2152,52674,17,1,2.33,2,0,2018-03-09,2016-03-31,3,2020-05-01,0,6,0,1,6,3,4.91780821917808,"Production","O'hare, Lynn","Terminated for Cause","F","Kissy Sullivan","Single","PIP","Production Technician I","Two or more races","LinkedIn"
"207",207,3,2,"MA",2492,71966,20,3,5,3,0,2013-07-02,2014-05-14,2,2015-08-19,0,4,1,1,0,17,6.8,"Production","Oliver, Brooke","Voluntarily Terminated","F","Webster Butler","Married","Fully Meets","Production Technician II","Asian","LinkedIn"
"208",208,12,5,"FL",33174,63051,18,3,4.28,3,0,2019-01-25,2015-09-30,1,NA,0,1,0,2,0,1,5.41917808219178,"Sales","Onque, Jasmine","Active","F","Lynn Daneault","Single","Fully Meets","Area Sales Manager","White","Indeed"
"209",209,1,2,"MA",2478,47414,16,4,5,3,0,2019-02-07,2015-09-30,1,NA,1,1,1,1,0,13,5.41917808219178,"Production","Osturnka, Adeel","Active","M","Kelley Spirea","Married","Exceeds","Production Technician I","White","LinkedIn"
"210",210,1,2,"MA",1760,53060,19,2,4.25,3,0,2019-02-04,2016-02-17,1,NA,1,2,0,1,4,6,5.03561643835616,"Production","Owad, Clinton","Active","M","Michael Albert","Single","Needs Improvement","Production Technician I","Black or African American","LinkedIn"
"211",211,12,5,"NC",27229,68829,15,3,5,5,0,2019-01-14,2017-01-05,1,NA,1,1,0,8,0,18,4.15068493150685,"Sales","Ozark, Travis","Active","M","John Smith","Single","Fully Meets","Area Sales Manager","White","Website"
"212",212,1,2,"MA",2351,63515,14,3,3.89,4,0,2013-03-04,2013-02-07,2,2016-01-12,0,1,1,3,0,7,8.06301369863014,"Production","Panjwani, Nina","Voluntarily Terminated","F","Elijiah Gray","Married","Fully Meets","Production Technician I","White","Google Search"
"213",213,4,3,"MA",1844,108987,8,4,5,5,3,2015-08-16,2013-11-07,2,2017-09-07,1,2,0,5,0,13,7.31506849315068,"Software Engineering","Patronick, Lucas","Voluntarily Terminated","M","Alex Sweetwater","Single","Exceeds","Software Engineer","Black or African American","Diversity Job Fair"
"214",214,6,4,"MA",2747,93093,3,3,4.7,4,5,2016-01-16,2016-12-01,2,2018-05-01,1,1,1,4,0,19,4.24657534246575,"IT/IS","Pearson, Randall","Voluntarily Terminated","M","Simon Roup","Married","Fully Meets","Data Analyst","White","Employee Referral"
"215",215,1,2,"MA",2458,53564,20,2,3.54,5,0,2017-04-06,2013-01-10,2,2019-12-28,1,2,0,3,4,15,8.13972602739726,"Production","Smith, Martin","Voluntarily Terminated","M","Webster Butler","Single","Needs Improvement","Production Technician I","Black or African American","Google Search"
"216",216,3,2,"MA",2472,60270,9,2,2.4,5,0,2015-02-06,2013-07-05,2,2017-09-15,0,4,1,7,5,2,7.65753424657534,"Production","Pelletier, Ermine","Voluntarily Terminated","F","Amy Dunn","Married","Needs Improvement","Production Technician II","Asian","CareerBuilder"
"217",217,1,2,"MA",2176,45998,9,3,3.45,4,0,2014-05-13,2013-05-16,2,2017-10-25,0,1,0,1,0,5,7.79452054794521,"Production","Perry, Shakira","Voluntarily Terminated","F","Amy Dunn","Single","Fully Meets","Production Technician I","White","LinkedIn"
"218",218,3,2,"MA",1886,57954,21,4,4.2,5,0,2013-01-10,2013-05-16,2,2015-02-04,0,1,1,2,0,12,7.79452054794521,"Production","Peters, Lauren","Voluntarily Terminated","F","Ketsia Liebig","Married","Exceeds","Production Technician II","White","Indeed"
"219",219,10,2,"MA",2030,74669,2,3,4.16,5,0,2015-03-05,2012-10-25,2,2018-05-18,0,1,1,2,0,6,8.35068493150685,"Production","Peterson, Ebonee","Voluntarily Terminated","F","Janet King","Married","Fully Meets","Production Manager","White","Indeed"
"220",220,3,2,"MA",2050,74226,10,3,4.3,3,0,2019-01-14,2014-04-02,1,NA,0,4,1,1,0,14,6.91506849315068,"Production","Petingill, Shana","Active","F","Brannon Miller","Married","Fully Meets","Production Technician II","Asian","LinkedIn"
"221",221,6,4,"MA",1886,93554,3,4,4.6,5,7,2019-01-04,2016-11-10,1,NA,0,2,1,4,0,16,4.3041095890411,"IT/IS","Petrowsky, Thelma","Active","F","Simon Roup","Married","Exceeds","Data Analyst","Black or African American","Employee Referral"
"222",222,1,2,"MA",2451,64724,10,3,5,3,0,2012-02-20,2013-07-05,2,2014-11-30,1,4,1,3,0,13,7.65753424657534,"Production","Pham, Hong","Voluntarily Terminated","M","Brannon Miller","Married","Fully Meets","Production Technician I","Asian","Google Search"
"223",223,1,2,"MA",2451,47001,12,3,3.66,3,0,2019-02-25,2009-11-05,1,NA,1,1,0,3,0,15,11.3232876712329,"Production","Pitt, Brad","Active","M","David Stanley","Single","Fully Meets","Production Technician I","White","Google Search"
"224",224,12,5,"KY",40220,61844,18,3,4.2,5,0,2019-02-01,2014-01-09,1,NA,0,2,1,8,0,9,7.14246575342466,"Sales","Potts, Xana","Active","F","Lynn Daneault","Married","Fully Meets","Area Sales Manager","Black or African American","Website"
"225",225,1,2,"MA",1742,46799,17,3,3.17,4,0,2018-04-02,2013-05-16,2,2020-06-04,0,4,2,3,0,14,7.79452054794521,"Production","Power, Morissa","Voluntarily Terminated","F","Kissy Sullivan","Divorced","Fully Meets","Production Technician I","Asian","Google Search"
"226",226,1,2,"MA",2109,59472,16,3,4.8,3,0,2019-01-07,2016-01-06,1,NA,1,1,0,4,0,14,5.15068493150685,"Production","Punjabhi, Louis","Active","M","Kelley Spirea","Single","Fully Meets","Production Technician I","White","Employee Referral"
"227",227,1,2,"MA",2474,46430,17,3,4.5,5,0,2013-04-02,2014-09-24,2,2015-06-18,0,1,2,2,0,16,6.43561643835616,"Production","Purinton, Janine","Voluntarily Terminated","F","Kissy Sullivan","Divorced","Fully Meets","Production Technician I","White","Indeed"
"228",228,4,3,"MA",2045,83363,2,3,4.15,4,0,2014-04-19,2013-02-21,2,2017-08-15,1,2,1,5,0,4,8.02465753424658,"Software Engineering","Quinn, Sean","Voluntarily Terminated","M","Janet King","Married","Fully Meets","Software Engineer","Black or African American","Diversity Job Fair"
"229",229,18,4,"MA",2110,95920,11,3,4.4,4,6,2019-02-06,2018-10-02,1,NA,0,2,1,2,0,10,2.41095890410959,"IT/IS","Rachael, Maggie","Active","F","Brian Champaigne","Married","Fully Meets","BI Developer","Black or African American","Indeed"
"230",230,1,2,"MA",2478,61729,19,3,3.8,5,0,2018-02-04,2013-09-26,2,2020-04-07,1,1,2,2,0,19,7.43013698630137,"Production","Rarrick, Quinn","Voluntarily Terminated","M","Michael Albert","Divorced","Fully Meets","Production Technician I","White","Indeed"
"231",231,12,5,"ID",83706,61809,15,3,3.98,3,0,2019-01-28,2016-05-12,1,NA,1,1,1,7,0,4,4.8027397260274,"Sales","Ren, Kylo","Active","M","John Smith","Married","Fully Meets","Area Sales Manager","White","CareerBuilder"
"232",232,1,2,"MA",2176,45115,14,3,5,4,0,2015-03-30,2013-05-16,2,2018-01-15,1,1,2,1,0,11,7.79452054794521,"Production","Rhoads, Thomas","Voluntarily Terminated","M","Elijiah Gray","Divorced","Fully Meets","Production Technician I","White","LinkedIn"
"233",233,1,2,"MA",2171,46738,20,4,4.36,5,0,2019-02-11,2013-11-28,1,NA,0,4,1,3,0,16,7.25753424657534,"Production","Rivera, Haley","Active","F","Webster Butler","Married","Exceeds","Production Technician I","Asian","Google Search"
"234",234,3,2,"MA",1902,64971,12,3,4.5,4,0,2011-10-22,2013-09-26,2,2013-10-22,0,2,2,3,0,10,7.43013698630137,"Production","Roberson, May","Voluntarily Terminated","F","David Stanley","Divorced","Fully Meets","Production Technician II","Black or African American","Google Search"
"235",235,3,2,"MA",2138,55578,17,3,4.2,5,0,2012-01-06,2013-07-05,2,2014-02-08,1,1,1,2,0,13,7.65753424657534,"Production","Robertson, Peter","Voluntarily Terminated","M","Kissy Sullivan","Married","Fully Meets","Production Technician II","White","Indeed"
"236",236,1,2,"MA",1420,50428,9,3,5,3,0,2015-01-10,2013-01-10,2,2018-01-26,1,2,1,2,0,11,8.13972602739726,"Production","Robinson, Alain","Voluntarily Terminated","M","Amy Dunn","Married","Fully Meets","Production Technician I","Black or African American","Indeed"
"237",237,1,2,"MA",1460,61422,21,2,3.6,3,0,2016-04-05,2013-01-10,3,2018-05-17,0,1,1,2,4,16,8.13972602739726,"Production","Robinson, Cherly","Terminated for Cause","F","Ketsia Liebig","Married","Needs Improvement","Production Technician I","White","Indeed"
"238",238,1,2,"MA",1730,63353,10,4,3.6,5,0,2019-02-11,2015-07-08,1,NA,1,1,4,4,0,4,5.64931506849315,"Production","Robinson, Elias","Active","M","Brannon Miller","Widowed","Exceeds","Production Technician I","White","Employee Referral"
"239",239,6,4,"MA",1886,89883,3,3,3.69,5,6,2019-02-14,2017-02-16,1,NA,0,1,1,4,0,15,4.03561643835616,"IT/IS","Roby, Lori","Active","F","Simon Roup","Married","Fully Meets","Data Analyst","White","Employee Referral"
"240",240,28,4,"MA",2703,120000,3,3,3.88,3,7,2018-02-13,2017-01-05,2,2020-11-10,0,1,0,1,0,12,4.15068493150685,"IT/IS","Roehrich, Bianca","Voluntarily Terminated","F","Simon Roup","Single","Fully Meets","Principal Data Architect","White","LinkedIn"
"241",241,29,4,"MA",2056,150290,11,3,4.94,3,5,2019-02-06,2019-01-07,1,NA,0,2,0,2,0,17,2.14520547945205,"IT/IS","Roper, Katie","Active","F","Brian Champaigne","Single","Fully Meets","Data Architect","Black or African American","Indeed"
"242",242,1,2,"MA",1886,60627,12,3,5,4,0,2019-01-31,2016-01-06,1,NA,0,1,3,8,0,8,5.15068493150685,"Production","Rose, Ashley","Active","F","David Stanley","Separated","Fully Meets","Production Technician I","White","Website"
"243",243,1,2,"MA",2155,53180,17,3,5,5,0,2018-07-02,2013-04-04,2,2020-08-13,1,1,0,3,0,4,7.90958904109589,"Production","Rossetti, Bruno","Voluntarily Terminated","M","Kissy Sullivan","Single","Fully Meets","Production Technician I","White","Google Search"
"244",244,30,4,"MA",2481,140920,4,3,3.6,5,7,2019-02-18,2015-01-20,1,NA,1,1,0,2,0,13,6.11232876712329,"IT/IS","Roup,Simon","Active","M","Jennifer Zamora","Single","Fully Meets","IT Manager - DB","White","Indeed"
"245",245,30,4,"MA",1915,148999,4,3,4.3,4,6,2015-01-04,2014-01-09,2,2017-11-04,1,2,2,5,0,8,7.14246575342466,"IT/IS","Ruiz, Ricardo","Voluntarily Terminated","M","Jennifer Zamora","Divorced","Fully Meets","IT Manager - DB","Black or African American","Diversity Job Fair"
"246",246,4,3,"MA",2132,86214,8,3,4.2,3,6,2019-02-13,2014-11-05,1,NA,0,1,1,2,0,2,6.32054794520548,"Software Engineering","Saada, Adell","Active","F","Alex Sweetwater","Married","Fully Meets","Software Engineer","White","Indeed"
"247",247,1,2,"MA",1801,47750,16,2,2.6,4,0,2019-02-18,2018-07-04,1,NA,0,2,0,5,5,4,2.65753424657534,"Production","Saar-Beckles, Melinda","Active","F","Kelley Spirea","Single","Needs Improvement","Production Technician I","Black or African American","Diversity Job Fair"
"248",248,1,2,"MA",2148,46428,19,3,4.6,5,0,2018-02-05,2011-01-05,2,2020-07-30,1,1,0,3,0,7,10.1561643835616,"Production","Sadki, Nore","Voluntarily Terminated","M","Michael Albert","Single","Fully Meets","Production Technician I","White","Google Search"
"249",249,3,2,"MA",2062,57975,16,3,4.1,3,0,2019-01-10,2012-08-30,1,NA,1,1,1,7,0,13,8.5041095890411,"Production","Sahoo, Adil","Active","M","Kelley Spirea","Married","Fully Meets","Production Technician II","White","CareerBuilder"
"250",250,6,4,"MA",2452,88527,3,3,4.2,3,5,2015-04-20,2017-01-05,2,2017-10-31,1,2,2,1,0,2,4.15068493150685,"IT/IS","Salter, Jason","Voluntarily Terminated","M","Simon Roup","Divorced","Fully Meets","Data Analyst","Black or African American","LinkedIn"
"251",251,1,2,"MA",2154,56147,14,3,3.51,3,0,2019-02-18,2016-09-29,1,NA,0,2,1,1,0,2,4.41917808219178,"Production","Sander, Kamrin","Active","F","Elijiah Gray","Married","Fully Meets","Production Technician I","Black or African American","LinkedIn"
"252",252,1,2,"MA",2191,50923,20,3,5,5,0,2019-02-06,2015-09-30,1,NA,0,4,0,3,0,14,5.41917808219178,"Production","Sewkumar, Nori","Active","F","Webster Butler","Single","Fully Meets","Production Technician I","Asian","Google Search"
"253",253,20,4,"MA",1773,50750,6,3,3.31,3,6,2019-01-07,2016-09-30,1,NA,0,1,1,1,0,7,4.41643835616438,"IT/IS","Shepard, Anita","Active","F","Peter Monroe","Married","Fully Meets","Network Engineer","White","LinkedIn"
"254",254,1,2,"MA",2149,52087,9,3,4.81,4,0,2019-02-15,2015-08-19,1,NA,0,1,1,1,0,15,5.53424657534247,"Production","Shields, Seffi","Active","F","Amy Dunn","Married","Fully Meets","Production Technician I","White","LinkedIn"
"255",255,6,4,"MA",2110,87826,3,3,3.32,3,7,2019-01-14,2017-01-05,1,NA,1,1,1,4,0,16,4.15068493150685,"IT/IS","Simard, Kramer","Active","M","Simon Roup","Married","Fully Meets","Data Analyst","White","Employee Referral"
"256",256,23,1,"MA",2330,51920,1,3,5,3,5,2019-01-15,2017-05-01,1,NA,0,1,0,8,0,2,3.83287671232877,"Admin Offices","Singh, Nan","Active","F","Brandon R. LeBlanc","Single","Fully Meets","Administrative Assistant","White","Website"
"257",257,3,2,"MA",1851,63878,19,3,4.68,4,0,2015-04-02,2011-10-26,2,2017-04-08,0,1,0,7,0,20,9.35068493150685,"Production","Sloan, Constance","Voluntarily Terminated","F","Michael Albert","Single","Fully Meets","Production Technician II","White","CareerBuilder"
"258",258,3,2,"MA",2045,60656,14,4,4.3,3,0,2019-01-28,2016-09-29,1,NA,1,1,0,2,0,4,4.41917808219178,"Production","Smith, Joe","Active","M","Elijiah Gray","Single","Exceeds","Production Technician II","White","Indeed"
"259",259,17,5,"MA",1886,72992,13,2,2.4,4,0,2019-01-16,2016-05-18,1,NA,1,2,2,5,2,16,4.78630136986301,"Sales","Smith, John","Active","M","Debra Houlihan","Divorced","Needs Improvement","Sales Manager","Black or African American","Diversity Job Fair"
"260",260,23,1,"MA",1844,55000,1,3,3.8,4,4,2013-08-15,2013-09-26,2,2015-09-25,0,2,1,5,0,17,7.43013698630137,"Admin Offices","Smith, Leigh Ann","Voluntarily Terminated","F","Brandon R. LeBlanc","Married","Fully Meets","Administrative Assistant","Black or African American","Diversity Job Fair"
"261",261,1,2,"MA",2130,58939,21,3,3.73,3,0,2019-01-24,2015-11-11,1,NA,0,1,0,4,0,16,5.3041095890411,"Production","Smith, Sade","Active","F","Ketsia Liebig","Single","Fully Meets","Production Technician I","White","Employee Referral"
"262",262,5,4,"MA",2360,66593,5,3,4.3,3,5,2019-02-08,2013-06-10,1,NA,0,2,1,1,0,19,7.72602739726027,"IT/IS","Soto, Julia","Active","F","Eric Dougall","Married","Fully Meets","IT Support","Black or African American","LinkedIn"
"263",263,16,4,"MA",1545,87565,6,3,3.27,4,5,2019-01-14,2018-06-30,1,NA,1,4,1,1,0,13,2.66849315068493,"IT/IS","Soze, Keyser","Active","M","Peter Monroe","Married","Fully Meets","Sr. Network Engineer","Asian","LinkedIn"
"264",264,1,2,"MA",2093,64021,10,1,2.4,2,1,2019-02-25,2014-02-20,1,NA,0,1,1,2,6,20,7.02739726027397,"Production","Sparks, Taylor","Active","F","Brannon Miller","Married","PIP","Production Technician I","White","Indeed"
"265",265,10,2,"MA",2451,65714,2,3,4.83,5,0,2019-02-14,2014-10-02,1,NA,0,1,1,1,0,15,6.41369863013699,"Production","Spirea, Kelley","Active","F","Janet King","Married","Fully Meets","Production Manager","White","LinkedIn"
"266",266,1,2,"MA",2359,62425,12,4,4.1,4,0,2015-03-02,2015-05-13,2,2017-06-29,0,1,2,1,0,16,5.8027397260274,"Production","Squatrito, Kristen","Voluntarily Terminated","F","David Stanley","Divorced","Exceeds","Production Technician I","White","LinkedIn"
"267",267,1,2,"MA",2050,47961,17,3,4.1,4,0,2019-02-07,2013-01-10,1,NA,0,6,2,3,0,9,8.13972602739726,"Production","Stanford,Barbara M","Active","F","Kissy Sullivan","Divorced","Fully Meets","Production Technician I","Two or more races","Google Search"
"268",268,12,5,"NV",89139,58273,18,1,1.81,2,0,2019-01-17,2016-05-12,1,NA,1,1,1,8,3,5,4.8027397260274,"Sales","Stansfield, Norman","Active","M","Lynn Daneault","Married","PIP","Area Sales Manager","White","Website"
"269",269,11,1,"MA",2703,63003,1,3,3.9,5,5,2019-01-18,2016-09-29,1,NA,1,1,0,2,0,9,4.41917808219178,"Admin Offices","Steans, Tyrone","Active","M","Brandon R. LeBlanc","Single","Fully Meets","Accountant I","White","Indeed"
"270",270,1,2,"MA",2301,61355,16,3,4.7,3,0,2019-01-11,2016-02-17,1,NA,1,4,1,1,0,4,5.03561643835616,"Production","Stoica, Rick","Active","M","Kelley Spirea","Married","Fully Meets","Production Technician I","Asian","LinkedIn"
"271",271,12,5,"MT",59102,60120,15,3,4.1,4,0,2019-01-31,2012-09-27,1,NA,0,2,1,2,0,18,8.42739726027397,"Sales","Strong, Caitrin","Active","F","John Smith","Married","Fully Meets","Area Sales Manager","Black or African American","Indeed"
"272",272,10,2,"MA",1776,63682,2,3,3.73,4,0,2019-01-24,2011-01-08,1,NA,0,2,1,2,0,12,10.1479452054795,"Production","Sullivan, Kissy","Active","F","Janet King","Married","Fully Meets","Production Manager","Black or African American","Indeed"
"273",273,1,2,"MA",2747,63025,19,3,4.36,5,0,2019-01-24,2017-01-05,1,NA,1,1,1,3,0,10,4.15068493150685,"Production","Sullivan, Timothy","Active","M","Michael Albert","Married","Fully Meets","Production Technician I","White","Google Search"
"274",274,1,2,"MA",2718,59238,14,3,3.4,5,0,2019-01-31,2014-05-14,1,NA,0,4,0,2,0,13,6.8,"Production","Sutwell, Barbara","Active","F","Elijiah Gray","Single","Fully Meets","Production Technician I","Asian","Indeed"
"275",275,4,3,"MA",2140,92989,8,4,4.5,5,5,2019-02-18,2016-07-07,1,NA,1,1,0,1,0,1,4.64931506849315,"Software Engineering","Szabo, Andrew","Active","M","Alex Sweetwater","Single","Exceeds","Software Engineer","White","LinkedIn"
"276",276,18,4,"MA",2134,90100,11,3,3.4,3,6,2019-01-02,2019-04-20,1,NA,1,1,1,2,0,14,1.86301369863014,"IT/IS","Tannen, Biff","Active","M","Brian Champaigne","Married","Fully Meets","BI Developer","White","Indeed"
"277",277,1,2,"MA",1801,60754,20,3,4.5,5,0,2012-02-15,2011-04-27,2,2015-04-01,0,2,1,5,0,11,9.84931506849315,"Production","Tavares, Desiree","Voluntarily Terminated","F","Webster Butler","Married","Fully Meets","Production Technician I","Black or African American","Diversity Job Fair"
"278",278,3,2,"MA",2129,72202,14,3,3.93,3,0,2017-04-18,2013-05-16,2,2019-07-08,0,1,1,3,0,3,7.79452054794521,"Production","Tejeda, Lenora","Voluntarily Terminated","F","Elijiah Gray","Married","Fully Meets","Production Technician II","White","Google Search"
"279",279,12,5,"OR",97756,58370,18,3,3.69,3,0,2019-01-28,2016-09-29,1,NA,0,2,0,2,0,18,4.41917808219178,"Sales","Terry, Sharlene","Active","F","Lynn Daneault","Single","Fully Meets","Area Sales Manager","Black or African American","Indeed"
"280",280,1,2,"MA",2066,48413,9,3,3.98,4,0,2016-03-02,2013-07-05,2,2018-09-05,0,1,0,2,0,1,7.65753424657534,"Production","Theamstern, Sophia","Voluntarily Terminated","F","Amy Dunn","Single","Fully Meets","Production Technician I","White","Indeed"
"281",281,3,2,"MA",2472,67176,20,3,4.1,4,0,2010-07-14,2009-06-25,2,2012-08-30,1,1,4,9,0,15,11.6876712328767,"Production","Thibaud, Kenneth","Voluntarily Terminated","M","Webster Butler","Widowed","Fully Meets","Production Technician II","White","Other"
"282",282,1,2,"MA",2093,56339,10,3,4.21,5,0,2019-01-14,2015-02-18,1,NA,0,2,2,2,0,4,6.03287671232877,"Production","Tippett, Jeanette","Active","F","Brannon Miller","Divorced","Fully Meets","Production Technician I","Black or African American","Indeed"
"283",283,12,5,"ND",58782,64397,18,4,4.1,3,0,2019-01-04,2008-01-09,1,NA,1,1,3,2,0,6,13.1479452054795,"Sales","Torrence, Jack","Active","M","Lynn Daneault","Separated","Exceeds","Area Sales Manager","White","Indeed"
"284",284,1,2,"MA",2021,63025,12,2,2.44,5,0,2019-02-11,2016-02-17,1,NA,0,1,0,1,4,18,5.03561643835616,"Production","Trang, Mei","Active","F","David Stanley","Single","Needs Improvement","Production Technician I","White","LinkedIn"
"285",285,20,4,"MA",1420,75281,6,3,5,3,5,2015-04-15,2017-01-05,2,2018-02-12,1,1,1,7,0,11,4.15068493150685,"IT/IS","Tredinnick, Neville","Voluntarily Terminated","M","Peter Monroe","Married","Fully Meets","Network Engineer","White","CareerBuilder"
"286",286,4,3,"MA",2451,100416,8,3,4.6,3,4,2017-02-12,2015-02-18,2,2020-04-15,1,2,0,5,0,9,6.03287671232877,"Software Engineering","True, Edward","Voluntarily Terminated","M","Alex Sweetwater","Single","Fully Meets","Software Engineer","Black or African American","Diversity Job Fair"
"287",287,3,2,"MA",1778,74813,9,3,4.4,3,0,2014-01-05,2013-01-10,2,2016-07-02,0,1,0,1,0,5,8.13972602739726,"Production","Trzeciak, Cybil","Voluntarily Terminated","F","Amy Dunn","Single","Fully Meets","Production Technician II","White","LinkedIn"
"288",288,20,4,"MA",2343,76029,6,3,5,4,7,2019-01-14,2017-03-30,1,NA,1,1,1,4,0,8,3.92054794520548,"IT/IS","Turpin, Jumil","Active","M","Peter Monroe","Married","Fully Meets","Network Engineer","White","Employee Referral"
"289",289,12,5,"AZ",85006,57859,15,3,2.81,3,0,2019-01-17,2013-07-05,1,NA,0,6,1,2,0,16,7.65753424657534,"Sales","Valentin,Jackie","Active","F","John Smith","Married","Fully Meets","Area Sales Manager","Two or more races","Indeed"
"290",290,1,2,"MA",2171,58523,17,4,4.5,5,0,2016-02-01,2014-08-13,2,2018-02-05,1,1,2,1,0,15,6.55068493150685,"Production","Veera, Abdellah","Voluntarily Terminated","M","Kissy Sullivan","Divorced","Exceeds","Production Technician I","White","LinkedIn"
"291",291,10,2,"MA",2169,88976,2,3,3.93,3,0,2019-02-27,2013-08-01,1,NA,1,1,2,4,0,19,7.58356164383562,"Production","Vega, Vincent","Active","M","Janet King","Divorced","Fully Meets","Production Manager","White","Employee Referral"
"292",292,12,5,"ME",4063,55875,15,3,4.5,4,0,2019-01-18,2014-03-05,1,NA,1,4,0,8,0,11,6.99178082191781,"Sales","Villanueva, Noah","Active","M","John Smith","Single","Fully Meets","Area Sales Manager","Asian","Website"
"293",293,7,4,"MA",1960,113999,3,3,4.33,3,7,2017-02-15,2017-02-16,3,2019-02-22,1,2,1,4,0,9,4.03561643835616,"IT/IS","Voldemort, Lord","Terminated for Cause","M","Simon Roup","Married","Fully Meets","Database Administrator","Black or African American","Employee Referral"
"294",294,1,2,"MA",2747,49773,16,4,4.3,5,0,2015-02-01,2013-09-26,3,2018-02-08,0,1,1,3,0,18,7.43013698630137,"Production","Volk, Colleen","Terminated for Cause","F","Kelley Spirea","Married","Exceeds","Production Technician I","White","Google Search"
"295",295,1,2,"MA",2124,62068,19,3,3.21,3,0,2019-01-29,2017-07-05,1,NA,0,1,0,1,0,7,3.65479452054795,"Production","Von Massenbach, Anna","Active","F","Michael Albert","Single","Fully Meets","Production Technician I","White","LinkedIn"
"296",296,3,2,"MA",2459,66541,21,3,3.11,5,0,2019-02-12,2016-08-18,1,NA,1,2,0,4,0,4,4.53424657534247,"Production","Walker, Roger","Active","M","Ketsia Liebig","Single","Fully Meets","Production Technician II","Black or African American","Employee Referral"
"297",297,10,2,"MA",2478,80512,2,3,4.5,3,0,2012-01-02,2013-09-26,2,2014-01-02,0,2,1,5,0,5,7.43013698630137,"Production","Wallace, Courtney E","Voluntarily Terminated","F","Janet King","Married","Fully Meets","Production Manager","Black or African American","Diversity Job Fair"
"298",298,1,2,"MA",1887,50274,14,2,2.5,3,0,2014-09-05,2014-08-13,2,2017-09-01,0,1,0,7,6,13,6.55068493150685,"Production","Wallace, Theresa","Voluntarily Terminated","F","Elijiah Gray","Single","Needs Improvement","Production Technician I","White","CareerBuilder"
"299",299,25,4,"MA",1887,84903,11,3,3.42,4,7,2019-01-04,2019-02-15,1,NA,1,4,0,2,0,17,2.03835616438356,"IT/IS","Wang, Charlie","Active","M","Brian Champaigne","Single","Fully Meets","Senior BI Developer","Asian","Indeed"
"300",300,16,4,"MA",2453,107226,6,3,4.2,4,8,2019-02-05,2017-03-30,1,NA,0,4,4,4,0,7,3.92054794520548,"IT/IS","Warfield, Sarah","Active","F","Peter Monroe","Widowed","Fully Meets","Sr. Network Engineer","Asian","Employee Referral"
"301",301,1,2,"MA",2030,58371,20,3,5,5,0,2014-05-15,2013-01-10,2,2016-05-15,1,1,0,1,0,11,8.13972602739726,"Production","Whittier, Scott","Voluntarily Terminated","M","Webster Butler","Single","Fully Meets","Production Technician I","White","LinkedIn"
"302",302,1,2,"MA",2324,55140,9,3,5,3,0,2015-02-15,2013-05-16,2,2017-09-07,1,1,1,8,0,7,7.79452054794521,"Production","Wilber, Barry","Voluntarily Terminated","M","Amy Dunn","Married","Fully Meets","Production Technician I","White","Website"
"303",303,1,2,"MA",1876,58062,21,3,3.6,5,0,2011-02-06,2013-01-10,2,2014-05-14,0,1,2,3,0,9,8.13972602739726,"Production","Wilkes, Annie","Voluntarily Terminated","F","Ketsia Liebig","Divorced","Fully Meets","Production Technician I","White","Google Search"
"304",304,1,2,"MA",2109,59728,21,3,4.3,4,0,2014-06-02,2014-01-09,2,2017-06-27,0,2,0,5,0,16,7.14246575342466,"Production","Williams, Jacquelyn","Voluntarily Terminated","F","Ketsia Liebig","Single","Fully Meets","Production Technician I","Black or African American","Diversity Job Fair"
"305",305,3,2,"MA",2045,70507,10,4,5,3,0,2016-01-19,2015-01-07,2,2018-02-21,1,1,0,1,0,7,6.14794520547945,"Production","Winthrop, Jordan","Voluntarily Terminated","M","Brannon Miller","Single","Exceeds","Production Technician II","White","LinkedIn"
"306",306,3,2,"MA",2302,60446,12,3,3.4,4,0,2019-02-21,2016-09-29,1,NA,0,1,0,1,0,14,4.41917808219178,"Production","Wolk, Hang T","Active","F","David Stanley","Single","Fully Meets","Production Technician II","White","LinkedIn"
"307",307,3,2,"MA",1810,65893,17,3,4.07,4,0,2019-02-28,2016-07-07,1,NA,1,1,0,1,0,13,4.64931506849315,"Production","Woodson, Jason","Active","M","Kissy Sullivan","Single","Fully Meets","Production Technician II","White","LinkedIn"
"308",308,1,2,"MA",2458,48513,10,1,3.2,2,0,2015-09-02,2010-09-02,2,2017-09-29,0,4,0,3,5,4,10.4986301369863,"Production","Ybarra, Catherine","Voluntarily Terminated","F","Brannon Miller","Single","PIP","Production Technician I","Asian","Google Search"
"309",309,31,4,"MA",2067,220450,2,4,4.6,5,6,2019-02-21,2012-04-10,1,NA,0,1,0,4,0,16,8.89315068493151,"IT/IS","Zamora, Jennifer","Active","F","Janet King","Single","Exceeds","CIO","White","Employee Referral"
"310",310,6,4,"MA",2148,89292,3,3,5,3,5,2019-02-01,2017-03-30,1,NA,0,1,0,4,0,11,3.92054794520548,"IT/IS","Zhou, Julia","Active","F","Simon Roup","Single","Fully Meets","Data Analyst","White","Employee Referral"
"311",311,1,2,"MA",1730,45046,12,3,4.5,5,0,2019-01-30,2016-09-29,1,NA,0,4,4,1,0,2,4.41917808219178,"Production","Zima, Colleen","Active","F","David Stanley","Widowed","Fully Meets","Production Technician I","Asian","LinkedIn"
